{
    "type": "FeatureCollection",
    "features": [
        {
            "geometry": {
                "type": "Polygon",
                "coordinates": [
                    [
                        [
                            -24.704335085515783,
                            14.90082415206334
                        ],
                        [
                            -24.693104623028237,
                            14.890692510667076
                        ],
                        [
                            -24.686756969097726,
                            14.876166205757075
                        ],
                        [
                            -24.683949351988588,
                            14.859442569680255
                        ],
                        [
                            -24.68325761631019,
                            14.84247468632396
                        ],
                        [
                            -24.686879039384102,
                            14.826646327830879
                        ],
                        [
                            -24.69530188428754,
                            14.819403305358312
                        ],
                        [
                            -24.704416468566233,
                            14.814032250840357
                        ],
                        [
                            -24.710560676724956,
                            14.803941169839781
                        ],
                        [
                            -24.71800696572515,
                            14.803941169839781
                        ],
                        [
                            -24.725453253762858,
                            14.814113666869163
                        ],
                        [
                            -24.74461829078811,
                            14.826605469600889
                        ],
                        [
                            -24.751535612070015,
                            14.83877190907944
                        ],
                        [
                            -24.75894120971586,
                            14.83185455048119
                        ],
                        [
                            -24.754709439889808,
                            14.840806408668746
                        ],
                        [
                            -24.753244591090084,
                            14.849351186905738
                        ],
                        [
                            -24.754709434707458,
                            14.857855407552622
                        ],
                        [
                            -24.758941214575028,
                            14.866644734772242
                        ],
                        [
                            -24.745350719572507,
                            14.866644734772242
                        ],
                        [
                            -24.74941972163502,
                            14.885483986682173
                        ],
                        [
                            -24.737619591696323,
                            14.892035124378564
                        ],
                        [
                            -24.719349735862526,
                            14.89443584629136
                        ],
                        [
                            -24.704335085515783,
                            14.90082415206334
                        ]
                    ]
                ]
            },
            "type": "Feature",
            "properties": {
                "source": "https://simplemaps.com",
                "id": "CVBR",
                "name": "Brava"
            },
            "id": 1
        },
        {
            "geometry": {
                "type": "Polygon",
                "coordinates": [
                    [
                        [
                            -24.30147575091251,
                            14.954845958632497
                        ],
                        [
                            -24.295765749472764,
                            14.930487234868727
                        ],
                        [
                            -24.296538861752694,
                            14.91754779020312
                        ],
                        [
                            -24.301503062438382,
                            14.90648031435338
                        ],
                        [
                            -24.298207157848584,
                            14.89545309625235
                        ],
                        [
                            -24.320866633620582,
                            14.872773770476778
                        ],
                        [
                            -24.35295110083308,
                            14.869565497717002
                        ],
                        [
                            -24.373806001611246,
                            14.885607763106323
                        ],
                        [
                            -24.383431339919312,
                            14.908066875854278
                        ],
                        [
                            -24.378618665653867,
                            14.927317416371542
                        ],
                        [
                            -24.374044231922124,
                            14.944917705527116
                        ],
                        [
                            -24.337925831141288,
                            14.953126607610361
                        ],
                        [
                            -24.30147575091251,
                            14.954845958632497
                        ]
                    ]
                ]
            },
            "type": "Feature",
            "properties": {
                "source": "https://simplemaps.com",
                "id": "CVCF",
                "name": "Santa Catarina do Fogo"
            },
            "id": 2
        },
        {
            "geometry": {
                "type": "Polygon",
                "coordinates": [
                    [
                        [
                            -24.30147575091251,
                            14.954845958632497
                        ],
                        [
                            -24.337925831141288,
                            14.953126607610361
                        ],
                        [
                            -24.374044231922124,
                            14.944917705527116
                        ],
                        [
                            -24.40687914639078,
                            14.99088653837445
                        ],
                        [
                            -24.429691063980844,
                            15.02501523411408
                        ],
                        [
                            -24.40343177001888,
                            15.038031317565656
                        ],
                        [
                            -24.38556881398737,
                            15.043524480624212
                        ],
                        [
                            -24.364857550945214,
                            15.045396224363879
                        ],
                        [
                            -24.34325110595604,
                            15.040716862686923
                        ],
                        [
                            -24.32921302002814,
                            15.028713283845441
                        ],
                        [
                            -24.320139126998416,
                            15.013006902954167
                        ],
                        [
                            -24.307240362312267,
                            14.979437516127243
                        ],
                        [
                            -24.30147575091251,
                            14.954845958632497
                        ]
                    ]
                ]
            },
            "type": "Feature",
            "properties": {
                "source": "https://simplemaps.com",
                "id": "CVMO",
                "name": "Mosteiros"
            },
            "id": 3
        },
        {
            "geometry": {
                "type": "Polygon",
                "coordinates": [
                    [
                        [
                            -24.374044231922124,
                            14.944917705527116
                        ],
                        [
                            -24.378618665653867,
                            14.927317416371542
                        ],
                        [
                            -24.383431339919312,
                            14.908066875854278
                        ],
                        [
                            -24.373806001611246,
                            14.885607763106323
                        ],
                        [
                            -24.35295110083308,
                            14.869565497717002
                        ],
                        [
                            -24.320866633620582,
                            14.872773770476778
                        ],
                        [
                            -24.298207157848584,
                            14.89545309625235
                        ],
                        [
                            -24.29328365697748,
                            14.884344762896973
                        ],
                        [
                            -24.292836067785764,
                            14.87287020792981
                        ],
                        [
                            -24.299549930517006,
                            14.863023072875768
                        ],
                        [
                            -24.33446204272072,
                            14.83185455048119
                        ],
                        [
                            -24.3765356082216,
                            14.815985334252744
                        ],
                        [
                            -24.41502844875313,
                            14.82086819304662
                        ],
                        [
                            -24.449086062980374,
                            14.838080022999199
                        ],
                        [
                            -24.506581186919213,
                            14.884955233026103
                        ],
                        [
                            -24.520375125478694,
                            14.903957318064297
                        ],
                        [
                            -24.52623450472376,
                            14.924709398730117
                        ],
                        [
                            -24.520619267008126,
                            14.945257790326119
                        ],
                        [
                            -24.506743941895195,
                            14.969183598013997
                        ],
                        [
                            -24.488921675208452,
                            14.990545852671636
                        ],
                        [
                            -24.464588996004725,
                            15.0077171901437
                        ],
                        [
                            -24.429691063980844,
                            15.02501523411408
                        ],
                        [
                            -24.40687914639078,
                            14.99088653837445
                        ],
                        [
                            -24.374044231922124,
                            14.944917705527116
                        ]
                    ]
                ]
            },
            "type": "Feature",
            "properties": {
                "source": "https://simplemaps.com",
                "id": "CVSF",
                "name": "São Filipe"
            },
            "id": 4
        },
        {
            "geometry": {
                "type": "Polygon",
                "coordinates": [
                    [
                        [
                            -23.77013098877078,
                            15.183986714061733
                        ],
                        [
                            -23.766753710256037,
                            15.193752353748884
                        ],
                        [
                            -23.76585852820821,
                            15.205511792296393
                        ],
                        [
                            -23.763661262104183,
                            15.216294667149304
                        ],
                        [
                            -23.758697068877012,
                            15.22308990728875
                        ],
                        [
                            -23.753814257057396,
                            15.228094795734568
                        ],
                        [
                            -23.751576301057185,
                            15.233465888727476
                        ],
                        [
                            -23.754953580162503,
                            15.250311595897557
                        ],
                        [
                            -23.763295051076284,
                            15.269761462295417
                        ],
                        [
                            -23.774403450189308,
                            15.28563060668484
                        ],
                        [
                            -23.78575598870814,
                            15.291815488250528
                        ],
                        [
                            -23.77912350223283,
                            15.294134839983526
                        ],
                        [
                            -23.758412239255556,
                            15.304877027665494
                        ],
                        [
                            -23.773060676038412,
                            15.310614326152397
                        ],
                        [
                            -23.779530403039654,
                            15.311672269190009
                        ],
                        [
                            -23.751576301322494,
                            15.332749751653063
                        ],
                        [
                            -23.744130012322362,
                            15.332749751653063
                        ],
                        [
                            -23.743560351371368,
                            15.325140703126923
                        ],
                        [
                            -23.742014126682513,
                            15.32094960148719
                        ],
                        [
                            -23.7398982408989,
                            15.31732818897091
                        ],
                        [
                            -23.7379451160396,
                            15.311672269190009
                        ],
                        [
                            -23.719227667800833,
                            15.322902730029066
                        ],
                        [
                            -23.703236457270076,
                            15.313462640113602
                        ],
                        [
                            -23.69782467422503,
                            15.296332104771583
                        ],
                        [
                            -23.710682746290516,
                            15.28436921674661
                        ],
                        [
                            -23.697336391742706,
                            15.266017963241284
                        ],
                        [
                            -23.68175208204018,
                            15.254828193215554
                        ],
                        [
                            -23.648548956726643,
                            15.237209368720052
                        ],
                        [
                            -23.656076626735693,
                            15.229722389991602
                        ],
                        [
                            -23.670380478705326,
                            15.206541457174477
                        ],
                        [
                            -23.68588257521504,
                            15.184395617007313
                        ],
                        [
                            -23.724637814626366,
                            15.179966445366523
                        ],
                        [
                            -23.754534713508253,
                            15.183288310009818
                        ],
                        [
                            -23.77013098877078,
                            15.183986714061733
                        ]
                    ]
                ]
            },
            "type": "Feature",
            "properties": {
                "source": "https://simplemaps.com",
                "id": "CVTA",
                "name": "Tarrafal"
            },
            "id": 5
        },
        {
            "geometry": {
                "type": "Polygon",
                "coordinates": [
                    [
                        [
                            -23.77013098877078,
                            15.183986714061733
                        ],
                        [
                            -23.754534713508253,
                            15.183288310009818
                        ],
                        [
                            -23.724637814626366,
                            15.179966445366523
                        ],
                        [
                            -23.68588257521504,
                            15.184395617007313
                        ],
                        [
                            -23.686989867115415,
                            15.166678930744716
                        ],
                        [
                            -23.6681658936978,
                            15.148962245293045
                        ],
                        [
                            -23.650449212615097,
                            15.136782029218011
                        ],
                        [
                            -23.64823462747075,
                            15.121279930630841
                        ],
                        [
                            -23.64048357938451,
                            15.119065345171421
                        ],
                        [
                            -23.6266004213339,
                            15.131405933519462
                        ],
                        [
                            -23.62055231319769,
                            15.123494516103596
                        ],
                        [
                            -23.618337728090083,
                            15.105777832696221
                        ],
                        [
                            -23.64188652459041,
                            15.087342241993522
                        ],
                        [
                            -23.647959111132618,
                            15.081876910183523
                        ],
                        [
                            -23.644315559168227,
                            15.063051894169256
                        ],
                        [
                            -23.637028455253215,
                            15.049084949280433
                        ],
                        [
                            -23.629410653380035,
                            15.039340282461364
                        ],
                        [
                            -23.639376286459978,
                            15.028267355537146
                        ],
                        [
                            -23.641590872413857,
                            15.01387255296116
                        ],
                        [
                            -23.64934191958523,
                            15.00944338283789
                        ],
                        [
                            -23.670380478776746,
                            15.007228798091994
                        ],
                        [
                            -23.679238819126024,
                            14.993941293439967
                        ],
                        [
                            -23.698062793198904,
                            14.986190243073734
                        ],
                        [
                            -23.715077275432872,
                            14.968451153844695
                        ],
                        [
                            -23.730539514068507,
                            14.985825823539727
                        ],
                        [
                            -23.73070227799262,
                            15.018500066775877
                        ],
                        [
                            -23.742054816970168,
                            15.026353256085097
                        ],
                        [
                            -23.758290168005185,
                            15.031317450161714
                        ],
                        [
                            -23.772084113962503,
                            15.037990625852359
                        ],
                        [
                            -23.772694464975817,
                            15.041693426261471
                        ],
                        [
                            -23.77953040293126,
                            15.06464264290104
                        ],
                        [
                            -23.782297329927765,
                            15.068548892793709
                        ],
                        [
                            -23.78628495994625,
                            15.072414453359897
                        ],
                        [
                            -23.79010983003635,
                            15.07770417011162
                        ],
                        [
                            -23.79259192607062,
                            15.085760811156433
                        ],
                        [
                            -23.78986568892418,
                            15.093817447689998
                        ],
                        [
                            -23.77562415304598,
                            15.118231513402698
                        ],
                        [
                            -23.7720841139086,
                            15.127346093221627
                        ],
                        [
                            -23.772938605946745,
                            15.14044830738443
                        ],
                        [
                            -23.785755988737847,
                            15.174505919063499
                        ],
                        [
                            -23.776193813998788,
                            15.177232163964737
                        ],
                        [
                            -23.77013098877078,
                            15.183986714061733
                        ]
                    ]
                ]
            },
            "type": "Feature",
            "properties": {
                "source": "https://simplemaps.com",
                "id": "CVCA",
                "name": "Santa Catarina"
            },
            "id": 6
        },
        {
            "geometry": {
                "type": "Polygon",
                "coordinates": [
                    [
                        [
                            -23.715077275432872,
                            14.968451153844695
                        ],
                        [
                            -23.698062793198904,
                            14.986190243073734
                        ],
                        [
                            -23.679238819126024,
                            14.993941293439967
                        ],
                        [
                            -23.670380478776746,
                            15.007228798091994
                        ],
                        [
                            -23.64934191958523,
                            15.00944338283789
                        ],
                        [
                            -23.641590872413857,
                            15.01387255296116
                        ],
                        [
                            -23.639376286459978,
                            15.028267355537146
                        ],
                        [
                            -23.629410653380035,
                            15.039340282461364
                        ],
                        [
                            -23.612038867566234,
                            15.040919534975787
                        ],
                        [
                            -23.61169397306555,
                            15.024945478235205
                        ],
                        [
                            -23.596191876955032,
                            15.011657968185471
                        ],
                        [
                            -23.58401166178518,
                            14.995048672201092
                        ],
                        [
                            -23.580689784903498,
                            14.968473685966375
                        ],
                        [
                            -23.564080396630754,
                            14.960722636202208
                        ],
                        [
                            -23.560464899516894,
                            14.941755397598513
                        ],
                        [
                            -23.547631114049718,
                            14.925713129512156
                        ],
                        [
                            -23.539296028166337,
                            14.907619538213897
                        ],
                        [
                            -23.54735267114063,
                            14.90851481435173
                        ],
                        [
                            -23.555816210872464,
                            14.91278720430301
                        ],
                        [
                            -23.5632218098094,
                            14.913804454319887
                        ],
                        [
                            -23.596424935516513,
                            14.914536898368189
                        ],
                        [
                            -23.624134898930496,
                            14.918117702580036
                        ],
                        [
                            -23.649728967066114,
                            14.926499650671833
                        ],
                        [
                            -23.67650305843471,
                            14.93553292743998
                        ],
                        [
                            -23.715077275432872,
                            14.968451153844695
                        ]
                    ]
                ]
            },
            "type": "Feature",
            "properties": {
                "source": "https://simplemaps.com",
                "id": "CVRS",
                "name": "Ribeira Grande de Santiago"
            },
            "id": 7
        },
        {
            "geometry": {
                "type": "Polygon",
                "coordinates": [
                    [
                        [
                            -23.539296028166337,
                            14.907619538213897
                        ],
                        [
                            -23.547631114049718,
                            14.925713129512156
                        ],
                        [
                            -23.560464899516894,
                            14.941755397598513
                        ],
                        [
                            -23.564080396630754,
                            14.960722636202208
                        ],
                        [
                            -23.53639807689547,
                            14.966258928627514
                        ],
                        [
                            -23.510930350517913,
                            14.982868407319938
                        ],
                        [
                            -23.490999082975694,
                            14.986190243073734
                        ],
                        [
                            -23.47146755851816,
                            14.973721567360082
                        ],
                        [
                            -23.477894662060464,
                            14.9690616241284
                        ],
                        [
                            -23.470448371828276,
                            14.962225678899948
                        ],
                        [
                            -23.480213997651358,
                            14.946600704685949
                        ],
                        [
                            -23.486317507975816,
                            14.930853456911057
                        ],
                        [
                            -23.49400794431293,
                            14.918687314529683
                        ],
                        [
                            -23.508290168807513,
                            14.913804454319887
                        ],
                        [
                            -23.516224735653726,
                            14.912827762115196
                        ],
                        [
                            -23.531849739070626,
                            14.908636788214986
                        ],
                        [
                            -23.539296028166337,
                            14.907619538213897
                        ]
                    ]
                ]
            },
            "type": "Feature",
            "properties": {
                "source": "https://simplemaps.com",
                "id": "CVPR",
                "name": "Praia"
            },
            "id": 8
        },
        {
            "geometry": {
                "type": "Polygon",
                "coordinates": [
                    [
                        [
                            -23.564080396630754,
                            14.960722636202208
                        ],
                        [
                            -23.580689784903498,
                            14.968473685966375
                        ],
                        [
                            -23.58401166178518,
                            14.995048672201092
                        ],
                        [
                            -23.596191876955032,
                            15.011657968185471
                        ],
                        [
                            -23.57626061071179,
                            15.022730893385598
                        ],
                        [
                            -23.561865807578002,
                            15.038232989987288
                        ],
                        [
                            -23.543041833392767,
                            15.053735084952402
                        ],
                        [
                            -23.526432445167774,
                            15.059271547610054
                        ],
                        [
                            -23.514252227022908,
                            15.052627792431572
                        ],
                        [
                            -23.504286593946286,
                            15.045984037381723
                        ],
                        [
                            -23.490999082820245,
                            15.051520499914304
                        ],
                        [
                            -23.484658796837277,
                            15.064038367274238
                        ],
                        [
                            -23.47044837096297,
                            15.037990625852359
                        ],
                        [
                            -23.466542120971532,
                            15.034247136118077
                        ],
                        [
                            -23.4636124339828,
                            15.033148504468222
                        ],
                        [
                            -23.460682745994514,
                            15.030951238832177
                        ],
                        [
                            -23.456776496034575,
                            15.023667711078547
                        ],
                        [
                            -23.454579230999684,
                            15.01894765799303
                        ],
                        [
                            -23.45189368398616,
                            15.015122788571531
                        ],
                        [
                            -23.448353644998196,
                            15.01239655194565
                        ],
                        [
                            -23.44310462100041,
                            15.01068756701536
                        ],
                        [
                            -23.447824676541682,
                            14.995754378309933
                        ],
                        [
                            -23.454660609257886,
                            14.985907239610352
                        ],
                        [
                            -23.47146755851816,
                            14.973721567360082
                        ],
                        [
                            -23.490999082975694,
                            14.986190243073734
                        ],
                        [
                            -23.510930350517913,
                            14.982868407319938
                        ],
                        [
                            -23.53639807689547,
                            14.966258928627514
                        ],
                        [
                            -23.564080396630754,
                            14.960722636202208
                        ]
                    ]
                ]
            },
            "type": "Feature",
            "properties": {
                "source": "https://simplemaps.com",
                "id": "CVSD",
                "name": "São Domingos"
            },
            "id": 9
        },
        {
            "geometry": {
                "type": "Polygon",
                "coordinates": [
                    [
                        [
                            -23.618337728090083,
                            15.105777832696221
                        ],
                        [
                            -23.62055231319769,
                            15.123494516103596
                        ],
                        [
                            -23.6266004213339,
                            15.131405933519462
                        ],
                        [
                            -23.620552313292563,
                            15.136782029218011
                        ],
                        [
                            -23.591600739602278,
                            15.170212334992122
                        ],
                        [
                            -23.584217903012902,
                            15.162420966397406
                        ],
                        [
                            -23.56737219990803,
                            15.152085676186523
                        ],
                        [
                            -23.55235755101837,
                            15.153998114564807
                        ],
                        [
                            -23.549143032962473,
                            15.149359440851477
                        ],
                        [
                            -23.547474739121014,
                            15.14594147671271
                        ],
                        [
                            -23.54499264191118,
                            15.143133853277082
                        ],
                        [
                            -23.53929602798781,
                            15.140366928628659
                        ],
                        [
                            -23.540760871122494,
                            15.139064849761747
                        ],
                        [
                            -23.53441321499555,
                            15.133002019866
                        ],
                        [
                            -23.527251756889257,
                            15.127386782598094
                        ],
                        [
                            -23.52570553290957,
                            15.127346093221627
                        ],
                        [
                            -23.52293860599373,
                            15.126695053810339
                        ],
                        [
                            -23.51406816285797,
                            15.127997132634073
                        ],
                        [
                            -23.511382615909604,
                            15.127346093221627
                        ],
                        [
                            -23.510812954899734,
                            15.124212954916546
                        ],
                        [
                            -23.51203365804318,
                            15.116115628331219
                        ],
                        [
                            -23.51138261601606,
                            15.113023179496647
                        ],
                        [
                            -23.484658796837277,
                            15.064038367274238
                        ],
                        [
                            -23.490999082820245,
                            15.051520499914304
                        ],
                        [
                            -23.504286593946286,
                            15.045984037381723
                        ],
                        [
                            -23.514252227022908,
                            15.052627792431572
                        ],
                        [
                            -23.526432445167774,
                            15.059271547610054
                        ],
                        [
                            -23.5495832133925,
                            15.078840623115264
                        ],
                        [
                            -23.56415742040224,
                            15.07458980905877
                        ],
                        [
                            -23.579976186712855,
                            15.081556859267799
                        ],
                        [
                            -23.578475195921335,
                            15.088061159543717
                        ],
                        [
                            -23.580689780827157,
                            15.098026788671225
                        ],
                        [
                            -23.60726480200471,
                            15.103563247330893
                        ],
                        [
                            -23.618337728090083,
                            15.105777832696221
                        ]
                    ]
                ]
            },
            "type": "Feature",
            "properties": {
                "source": "https://simplemaps.com",
                "id": "CVCR",
                "name": "Santa Cruz"
            },
            "id": 10
        },
        {
            "geometry": {
                "type": "Polygon",
                "coordinates": [
                    [
                        [
                            -23.68588257521504,
                            15.184395617007313
                        ],
                        [
                            -23.670380478705326,
                            15.206541457174477
                        ],
                        [
                            -23.656076626735693,
                            15.229722389991602
                        ],
                        [
                            -23.63878333189358,
                            15.226263735773301
                        ],
                        [
                            -23.630279101292327,
                            15.219183669879072
                        ],
                        [
                            -23.61510169214498,
                            15.195013743416055
                        ],
                        [
                            -23.591600739602278,
                            15.170212334992122
                        ],
                        [
                            -23.620552313292563,
                            15.136782029218011
                        ],
                        [
                            -23.6266004213339,
                            15.131405933519462
                        ],
                        [
                            -23.64048357938451,
                            15.119065345171421
                        ],
                        [
                            -23.64823462747075,
                            15.121279930630841
                        ],
                        [
                            -23.650449212615097,
                            15.136782029218011
                        ],
                        [
                            -23.6681658936978,
                            15.148962245293045
                        ],
                        [
                            -23.686989867115415,
                            15.166678930744716
                        ],
                        [
                            -23.68588257521504,
                            15.184395617007313
                        ]
                    ]
                ]
            },
            "type": "Feature",
            "properties": {
                "source": "https://simplemaps.com",
                "id": "CVSM",
                "name": "São Miguel"
            },
            "id": 11
        },
        {
            "geometry": {
                "type": "Polygon",
                "coordinates": [
                    [
                        [
                            -23.12779700403859,
                            15.311672269190009
                        ],
                        [
                            -23.121896938820683,
                            15.29913971047361
                        ],
                        [
                            -23.12051347626442,
                            15.283351963164789
                        ],
                        [
                            -23.121571417747326,
                            15.2564150981858
                        ],
                        [
                            -23.110463020063563,
                            15.19940827197878
                        ],
                        [
                            -23.11192786401543,
                            15.171942450483058
                        ],
                        [
                            -23.12779700401711,
                            15.146633205536025
                        ],
                        [
                            -23.132801886910052,
                            15.144720767194837
                        ],
                        [
                            -23.14867102812406,
                            15.142767648873598
                        ],
                        [
                            -23.155140753988046,
                            15.140366928628659
                        ],
                        [
                            -23.158843554018294,
                            15.135565497573209
                        ],
                        [
                            -23.163644985872352,
                            15.123724673015007
                        ],
                        [
                            -23.16881262898681,
                            15.119859116589952
                        ],
                        [
                            -23.182728645133526,
                            15.118597727170433
                        ],
                        [
                            -23.19595292894975,
                            15.12205638043476
                        ],
                        [
                            -23.217152472972863,
                            15.133530991156867
                        ],
                        [
                            -23.24063066286087,
                            15.150051169681037
                        ],
                        [
                            -23.252064581771553,
                            15.161810606917419
                        ],
                        [
                            -23.25816809774367,
                            15.174505919063499
                        ],
                        [
                            -23.255116339973316,
                            15.186835027177064
                        ],
                        [
                            -23.24730384016352,
                            15.199204825058482
                        ],
                        [
                            -23.243275519910345,
                            15.211330468232253
                        ],
                        [
                            -23.251332161011497,
                            15.222886460356634
                        ],
                        [
                            -23.23717200422471,
                            15.23102448793398
                        ],
                        [
                            -23.2308650381488,
                            15.243963938588838
                        ],
                        [
                            -23.23485266803939,
                            15.254828193215554
                        ],
                        [
                            -23.25133216074594,
                            15.2564150981858
                        ],
                        [
                            -23.2457169259213,
                            15.27106354158299
                        ],
                        [
                            -23.224110481184272,
                            15.286688549664298
                        ],
                        [
                            -23.209787564038734,
                            15.311672269190009
                        ],
                        [
                            -23.21446692622504,
                            15.313544018903317
                        ],
                        [
                            -23.215158658305445,
                            15.314439204367861
                        ],
                        [
                            -23.214955207149135,
                            15.315822662574545
                        ],
                        [
                            -23.217152472462743,
                            15.31915923053478
                        ],
                        [
                            -23.203277148481163,
                            15.324896566751775
                        ],
                        [
                            -23.189849413314857,
                            15.332749751653063
                        ],
                        [
                            -23.18956458173365,
                            15.329494524835221
                        ],
                        [
                            -23.189849412463367,
                            15.31915923053478
                        ],
                        [
                            -23.181263800390063,
                            15.325751025288481
                        ],
                        [
                            -23.178944464387985,
                            15.327948290226903
                        ],
                        [
                            -23.176258918314655,
                            15.332749751653063
                        ],
                        [
                            -23.168812628619772,
                            15.325344131329466
                        ],
                        [
                            -23.176258917463663,
                            15.31915923053478
                        ],
                        [
                            -23.161936002151243,
                            15.31256745465094
                        ],
                        [
                            -23.13951575426314,
                            15.31777579109501
                        ],
                        [
                            -23.12779700403859,
                            15.311672269190009
                        ]
                    ]
                ]
            },
            "type": "Feature",
            "properties": {
                "source": "https://simplemaps.com",
                "id": "CVMA",
                "name": "Maio"
            },
            "id": 12
        },
        {
            "geometry": {
                "type": "Polygon",
                "coordinates": [
                    [
                        [
                            -22.68211829372279,
                            16.113592862387932
                        ],
                        [
                            -22.678374804435443,
                            16.11188386888906
                        ],
                        [
                            -22.67080644412237,
                            16.102240305626946
                        ],
                        [
                            -22.666574674485116,
                            16.091457438385817
                        ],
                        [
                            -22.672515428557254,
                            16.086330457873423
                        ],
                        [
                            -22.67560787770851,
                            16.08201734101446
                        ],
                        [
                            -22.677113410627143,
                            16.072658584937624
                        ],
                        [
                            -22.679798956850238,
                            16.063218487555453
                        ],
                        [
                            -22.69644120994664,
                            16.052923893418104
                        ],
                        [
                            -22.751088020260575,
                            16.01056550474141
                        ],
                        [
                            -22.7875870425166,
                            15.991603893649406
                        ],
                        [
                            -22.806141731159485,
                            15.985907298736228
                        ],
                        [
                            -22.863677538244563,
                            15.98236726224398
                        ],
                        [
                            -22.87389075402781,
                            15.983872789824908
                        ],
                        [
                            -22.883656378221808,
                            15.988714887987994
                        ],
                        [
                            -22.89777584586534,
                            16.00047437655597
                        ],
                        [
                            -22.90929114404224,
                            16.003729530738394
                        ],
                        [
                            -22.94554602822699,
                            16.019680086683323
                        ],
                        [
                            -22.957753059291075,
                            16.030829177558424
                        ],
                        [
                            -22.96397864408561,
                            16.052191446170227
                        ],
                        [
                            -22.963246223462278,
                            16.071193765549808
                        ],
                        [
                            -22.957753058304387,
                            16.089015997635276
                        ],
                        [
                            -22.947417773123853,
                            16.102240305626946
                        ],
                        [
                            -22.932606574119546,
                            16.107407919226503
                        ],
                        [
                            -22.913563606367518,
                            16.125555741758248
                        ],
                        [
                            -22.92442786339041,
                            16.212958057271166
                        ],
                        [
                            -22.91559811199716,
                            16.243963962959242
                        ],
                        [
                            -22.911610482258308,
                            16.236721132567396
                        ],
                        [
                            -22.907215950432594,
                            16.23143139457995
                        ],
                        [
                            -22.89509029983529,
                            16.22284579431296
                        ],
                        [
                            -22.8779190758518,
                            16.214911224825904
                        ],
                        [
                            -22.852528450434924,
                            16.206610431697985
                        ],
                        [
                            -22.82941646936067,
                            16.20400623331745
                        ],
                        [
                            -22.81932532439317,
                            16.212958057271166
                        ],
                        [
                            -22.81167558583983,
                            16.228420339526394
                        ],
                        [
                            -22.793812628184543,
                            16.231349978174972
                        ],
                        [
                            -22.73468990773637,
                            16.21686431727151
                        ],
                        [
                            -22.7238663395863,
                            16.212632541863094
                        ],
                        [
                            -22.713856575271365,
                            16.205755934972462
                        ],
                        [
                            -22.709828253862135,
                            16.19863515395005
                        ],
                        [
                            -22.70376542940629,
                            16.17959220196025
                        ],
                        [
                            -22.69957434806449,
                            16.17568594190073
                        ],
                        [
                            -22.68248450485488,
                            16.1686465772041
                        ],
                        [
                            -22.678700325861175,
                            16.151760183423033
                        ],
                        [
                            -22.68211829372279,
                            16.113592862387932
                        ]
                    ]
                ]
            },
            "type": "Feature",
            "properties": {
                "source": "https://simplemaps.com",
                "id": "CVBV",
                "name": "Boa Vista"
            },
            "id": 13
        },
        {
            "geometry": {
                "type": "Polygon",
                "coordinates": [
                    [
                        [
                            -24.3756226555887,
                            16.67712295317313
                        ],
                        [
                            -24.361480272130823,
                            16.681585981868096
                        ],
                        [
                            -24.35423743378067,
                            16.680609436162666
                        ],
                        [
                            -24.340565561446248,
                            16.67536048418952
                        ],
                        [
                            -24.328684049302662,
                            16.667792067074277
                        ],
                        [
                            -24.30516516913345,
                            16.647894628296786
                        ],
                        [
                            -24.29283606848668,
                            16.641831812771
                        ],
                        [
                            -24.282378708982723,
                            16.641343464777027
                        ],
                        [
                            -24.226796029414697,
                            16.64960362093267
                        ],
                        [
                            -24.217111780740073,
                            16.647691087378664
                        ],
                        [
                            -24.180572067692772,
                            16.630845409849
                        ],
                        [
                            -24.172474736731555,
                            16.629095708973914
                        ],
                        [
                            -24.08999589785518,
                            16.622463279091132
                        ],
                        [
                            -24.06753495831648,
                            16.613918315474073
                        ],
                        [
                            -24.04796302018359,
                            16.59882233797505
                        ],
                        [
                            -24.037424281999215,
                            16.59300362087098
                        ],
                        [
                            -24.032826301741466,
                            16.5968285381018
                        ],
                        [
                            -24.032826302577924,
                            16.56240473286153
                        ],
                        [
                            -24.044097459028848,
                            16.55988187663177
                        ],
                        [
                            -24.114735481081954,
                            16.55927155422124
                        ],
                        [
                            -24.191965300405652,
                            16.592474714865578
                        ],
                        [
                            -24.233306442807763,
                            16.602118198958774
                        ],
                        [
                            -24.272328252469617,
                            16.58722561190178
                        ],
                        [
                            -24.286366339822013,
                            16.57074615622061
                        ],
                        [
                            -24.31533769418611,
                            16.52041250701038
                        ],
                        [
                            -24.32469641960767,
                            16.482652128347144
                        ],
                        [
                            -24.32601310156792,
                            16.512572049186677
                        ],
                        [
                            -24.320215465757567,
                            16.554812129788903
                        ],
                        [
                            -24.314417822762724,
                            16.581315564145857
                        ],
                        [
                            -24.320215466339373,
                            16.612788550652603
                        ],
                        [
                            -24.338436622744492,
                            16.627696759429586
                        ],
                        [
                            -24.366596589313424,
                            16.62935317697733
                        ],
                        [
                            -24.376535403489036,
                            16.642604967837816
                        ],
                        [
                            -24.36659658676498,
                            16.655856608184617
                        ],
                        [
                            -24.3756226555887,
                            16.67712295317313
                        ]
                    ]
                ]
            },
            "type": "Feature",
            "properties": {
                "source": "https://simplemaps.com",
                "id": "CVRB",
                "name": "Ribeira Brava"
            },
            "id": 14
        },
        {
            "geometry": {
                "type": "Polygon",
                "coordinates": [
                    [
                        [
                            -24.3756226555887,
                            16.67712295317313
                        ],
                        [
                            -24.36659658676498,
                            16.655856608184617
                        ],
                        [
                            -24.376535403489036,
                            16.642604967837816
                        ],
                        [
                            -24.366596589313424,
                            16.62935317697733
                        ],
                        [
                            -24.338436622744492,
                            16.627696759429586
                        ],
                        [
                            -24.320215466339373,
                            16.612788550652603
                        ],
                        [
                            -24.314417822762724,
                            16.581315564145857
                        ],
                        [
                            -24.320215465757567,
                            16.554812129788903
                        ],
                        [
                            -24.32601310156792,
                            16.512572049186677
                        ],
                        [
                            -24.32469641960767,
                            16.482652128347144
                        ],
                        [
                            -24.333404099060328,
                            16.494940444762236
                        ],
                        [
                            -24.34748287826677,
                            16.531968526025118
                        ],
                        [
                            -24.35338294353952,
                            16.54043207432051
                        ],
                        [
                            -24.360178190439445,
                            16.547186629608376
                        ],
                        [
                            -24.365630664027176,
                            16.555609469531884
                        ],
                        [
                            -24.367909310528557,
                            16.569159287934593
                        ],
                        [
                            -24.368560350862804,
                            16.57953521933051
                        ],
                        [
                            -24.3709203797195,
                            16.58714434574121
                        ],
                        [
                            -24.376088021163607,
                            16.591782976110345
                        ],
                        [
                            -24.385080533132008,
                            16.59341055252892
                        ],
                        [
                            -24.40827389204802,
                            16.60016510728268
                        ],
                        [
                            -24.424712695134247,
                            16.617132910221372
                        ],
                        [
                            -24.43065345160104,
                            16.639471789594914
                        ],
                        [
                            -24.42259680790446,
                            16.6622988658854
                        ],
                        [
                            -24.3756226555887,
                            16.67712295317313
                        ]
                    ]
                ]
            },
            "type": "Feature",
            "properties": {
                "source": "https://simplemaps.com",
                "id": "CVTS",
                "name": "Tarrafal de São Nicolau"
            },
            "id": 15
        },
        {
            "geometry": {
                "type": "Polygon",
                "coordinates": [
                    [
                        [
                            -22.929188606124086,
                            16.59341055252892
                        ],
                        [
                            -22.941395635660022,
                            16.669378935104465
                        ],
                        [
                            -22.956532354289614,
                            16.699448911741097
                        ],
                        [
                            -22.97760982929987,
                            16.689032274252824
                        ],
                        [
                            -22.981760218443323,
                            16.703517927134836
                        ],
                        [
                            -22.983143686476748,
                            16.723049290716933
                        ],
                        [
                            -22.980051235390125,
                            16.741115609849615
                        ],
                        [
                            -22.97081458330196,
                            16.7510440486121
                        ],
                        [
                            -22.970814584412018,
                            16.757880017801554
                        ],
                        [
                            -22.982736781913978,
                            16.76137926849578
                        ],
                        [
                            -22.989247200373914,
                            16.770941483497154
                        ],
                        [
                            -22.991566534074664,
                            16.78432846400798
                        ],
                        [
                            -22.990793425371407,
                            16.815659936397914
                        ],
                        [
                            -22.970122850574153,
                            16.83144764607847
                        ],
                        [
                            -22.922434049947896,
                            16.86029696855697
                        ],
                        [
                            -22.916981575711173,
                            16.853176193938378
                        ],
                        [
                            -22.89891516689202,
                            16.8368187208918
                        ],
                        [
                            -22.895090296558724,
                            16.829291014415297
                        ],
                        [
                            -22.896311001553013,
                            16.825018609441646
                        ],
                        [
                            -22.902740037555603,
                            16.81317778951021
                        ],
                        [
                            -22.90977942566393,
                            16.803371476552936
                        ],
                        [
                            -22.907948369705974,
                            16.80060452261243
                        ],
                        [
                            -22.904042119624773,
                            16.798570015317924
                        ],
                        [
                            -22.90184485343584,
                            16.795111322853888
                        ],
                        [
                            -22.90465247428609,
                            16.735825950300676
                        ],
                        [
                            -22.901844858223836,
                            16.71694576784111
                        ],
                        [
                            -22.897368942323503,
                            16.71027248060246
                        ],
                        [
                            -22.88418534922965,
                            16.698431657887834
                        ],
                        [
                            -22.881337041415758,
                            16.692694358136496
                        ],
                        [
                            -22.88239498454199,
                            16.681545273686904
                        ],
                        [
                            -22.886626756984967,
                            16.66168854357551
                        ],
                        [
                            -22.887603317269644,
                            16.651434587898958
                        ],
                        [
                            -22.88955644560593,
                            16.64590082858433
                        ],
                        [
                            -22.89879309950068,
                            16.639471789594914
                        ],
                        [
                            -22.901844857900535,
                            16.63442622795294
                        ],
                        [
                            -22.90147864285082,
                            16.629095708973914
                        ],
                        [
                            -22.899403447705428,
                            16.621649415812847
                        ],
                        [
                            -22.896839974431092,
                            16.61546462567845
                        ],
                        [
                            -22.89509029739851,
                            16.613918315474073
                        ],
                        [
                            -22.901722785892602,
                            16.605902407948136
                        ],
                        [
                            -22.9088435541523,
                            16.602199615332136
                        ],
                        [
                            -22.91763261661358,
                            16.599188561442382
                        ],
                        [
                            -22.929188606124086,
                            16.59341055252892
                        ]
                    ]
                ]
            },
            "type": "Feature",
            "properties": {
                "source": "https://simplemaps.com",
                "id": "CVSL",
                "name": "Sal"
            },
            "id": 16
        },
        {
            "geometry": {
                "type": "MultiPolygon",
                "coordinates": [
                    [
                        [
                            [
                                -24.919748501845568,
                                16.89508697702892
                            ],
                            [
                                -24.922922332048948,
                                16.890814572711356
                            ],
                            [
                                -24.914458785541914,
                                16.88141504271395
                            ],
                            [
                                -24.90013586986388,
                                16.87201566271949
                            ],
                            [
                                -24.885894336053088,
                                16.867743258165753
                            ],
                            [
                                -24.881092903403022,
                                16.86229076740326
                            ],
                            [
                                -24.876291471602684,
                                16.849839626396715
                            ],
                            [
                                -24.873605924844505,
                                16.83592359183233
                            ],
                            [
                                -24.87507076864475,
                                16.826157987538785
                            ],
                            [
                                -24.89110266917221,
                                16.813950944318677
                            ],
                            [
                                -24.915516732089646,
                                16.805487400168538
                            ],
                            [
                                -24.94286048329639,
                                16.800482548312395
                            ],
                            [
                                -24.968129034274476,
                                16.79889553047706
                            ],
                            [
                                -24.974517383228687,
                                16.796698340702147
                            ],
                            [
                                -24.98420162435942,
                                16.78733951686666
                            ],
                            [
                                -24.988026496272663,
                                16.78514232703747
                            ],
                            [
                                -24.995228644633258,
                                16.786118872542218
                            ],
                            [
                                -25.058176238686308,
                                16.809637831029015
                            ],
                            [
                                -25.068226689516482,
                                16.81509017222912
                            ],
                            [
                                -25.07616126400617,
                                16.82245519648081
                            ],
                            [
                                -25.081125452431742,
                                16.832342775147023
                            ],
                            [
                                -25.094146289659225,
                                16.826157987538785
                            ],
                            [
                                -25.08975175876478,
                                16.847479604201922
                            ],
                            [
                                -25.078195768443628,
                                16.865057720958863
                            ],
                            [
                                -25.063588017607778,
                                16.877020513762176
                            ],
                            [
                                -25.05011959252855,
                                16.88141504271395
                            ],
                            [
                                -25.01878821722156,
                                16.882025514959814
                            ],
                            [
                                -25.005970832548577,
                                16.88768139606924
                            ],
                            [
                                -25.01219641943835,
                                16.90127191385223
                            ],
                            [
                                -24.98399817387977,
                                16.915960950661926
                            ],
                            [
                                -24.97809811354017,
                                16.923000458095427
                            ],
                            [
                                -24.97126217653946,
                                16.923000458095427
                            ],
                            [
                                -24.965199347076993,
                                16.908921593319345
                            ],
                            [
                                -24.9551895842077,
                                16.910793417663363
                            ],
                            [
                                -24.937733530536025,
                                16.923000458095427
                            ],
                            [
                                -24.927723762304094,
                                16.917792066812705
                            ],
                            [
                                -24.918771938539628,
                                16.908270563166703
                            ],
                            [
                                -24.914702928949584,
                                16.899155990705122
                            ],
                            [
                                -24.919748501845568,
                                16.89508697702892
                            ]
                        ]
                    ],
                    [
                        [
                            [
                                -24.592659601083525,
                                16.624312422120596
                            ],
                            [
                                -24.569512031680752,
                                16.619972268614536
                            ],
                            [
                                -24.575298926168863,
                                16.60550509003968
                            ],
                            [
                                -24.589766157223504,
                                16.606951807912328
                            ],
                            [
                                -24.60133994182868,
                                16.609845243647584
                            ],
                            [
                                -24.604233386484758,
                                16.621418986453314
                            ],
                            [
                                -24.592659601083525,
                                16.624312422120596
                            ]
                        ]
                    ],
                    [
                        [
                            [
                                -24.773499994453626,
                                16.802259437465807
                            ],
                            [
                                -24.748905696883867,
                                16.793578983135543
                            ],
                            [
                                -24.73588519096016,
                                16.779111809252008
                            ],
                            [
                                -24.725758126595046,
                                16.757410897391036
                            ],
                            [
                                -24.70695072661804,
                                16.75307074494579
                            ],
                            [
                                -24.695376940537002,
                                16.760304332333266
                            ],
                            [
                                -24.68380315618581,
                                16.75596417991354
                            ],
                            [
                                -24.685249881246428,
                                16.742943722425718
                            ],
                            [
                                -24.702610559817362,
                                16.735710134786004
                            ],
                            [
                                -24.722864683783584,
                                16.734263417245646
                            ],
                            [
                                -24.74022536128611,
                                16.734263417245646
                            ],
                            [
                                -24.748905698752374,
                                16.742943722425718
                            ],
                            [
                                -24.754692589528336,
                                16.754517462431785
                            ],
                            [
                                -24.773499989068714,
                                16.76175104979796
                            ],
                            [
                                -24.787967224123605,
                                16.77477165700087
                            ],
                            [
                                -24.787967221923576,
                                16.789238831017133
                            ],
                            [
                                -24.773499994453626,
                                16.802259437465807
                            ]
                        ]
                    ]
                ]
            },
            "type": "Feature",
            "properties": {
                "source": "https://simplemaps.com",
                "id": "CVSV",
                "name": "São Vicente"
            },
            "id": 17
        },
        {
            "geometry": {
                "type": "Polygon",
                "coordinates": [
                    [
                        [
                            -25.24535071709418,
                            17.136704866301685
                        ],
                        [
                            -25.226307745026634,
                            17.144680055574046
                        ],
                        [
                            -25.202707488188047,
                            17.158758910928036
                        ],
                        [
                            -25.179554816542556,
                            17.164374079511
                        ],
                        [
                            -25.118641730538126,
                            17.192857152388033
                        ],
                        [
                            -25.102609829792353,
                            17.1966006477771
                        ],
                        [
                            -25.091053842419072,
                            17.193019984899802
                        ],
                        [
                            -25.07949785010574,
                            17.185370161471276
                        ],
                        [
                            -25.053944466491636,
                            17.186184023620314
                        ],
                        [
                            -25.039540169232286,
                            17.182440528102916
                        ],
                        [
                            -25.030181442146738,
                            17.175482442195758
                        ],
                        [
                            -25.02627519262079,
                            17.16771064414997
                        ],
                        [
                            -25.025868290357913,
                            17.144924154165157
                        ],
                        [
                            -25.03824577193235,
                            17.13836774104971
                        ],
                        [
                            -25.054122508506243,
                            17.127452552934106
                        ],
                        [
                            -25.072976131630462,
                            17.11356041286173
                        ],
                        [
                            -25.112667964827917,
                            17.103637390926313
                        ],
                        [
                            -25.158313579510473,
                            17.08577613094725
                        ],
                        [
                            -25.191059345690174,
                            17.107606659822395
                        ],
                        [
                            -25.24535071709418,
                            17.136704866301685
                        ]
                    ]
                ]
            },
            "type": "Feature",
            "properties": {
                "source": "https://simplemaps.com",
                "id": "CVRG",
                "name": "Ribeira Grande"
            },
            "id": 18
        },
        {
            "geometry": {
                "type": "Polygon",
                "coordinates": [
                    [
                        [
                            -25.24535071709418,
                            17.136704866301685
                        ],
                        [
                            -25.191059345690174,
                            17.107606659822395
                        ],
                        [
                            -25.158313579510473,
                            17.08577613094725
                        ],
                        [
                            -25.112667964827917,
                            17.103637390926313
                        ],
                        [
                            -25.072976131630462,
                            17.11356041286173
                        ],
                        [
                            -25.02832281452329,
                            17.105622025380352
                        ],
                        [
                            -25.00053853142633,
                            17.087760765508296
                        ],
                        [
                            -24.98668247653959,
                            17.078864609451646
                        ],
                        [
                            -25.015126105479037,
                            17.04913970275638
                        ],
                        [
                            -25.01968339537687,
                            17.049017578318235
                        ],
                        [
                            -25.02391516719983,
                            17.045396205660605
                        ],
                        [
                            -25.042713998644263,
                            17.03847897519634
                        ],
                        [
                            -25.046986459083797,
                            17.035060992953387
                        ],
                        [
                            -25.055572069512444,
                            17.024807046025728
                        ],
                        [
                            -25.115874806100408,
                            16.99746333632939
                        ],
                        [
                            -25.143422006176618,
                            16.97003820827973
                        ],
                        [
                            -25.162953255768155,
                            16.945298614927815
                        ],
                        [
                            -25.187855596226164,
                            16.928167990935876
                        ],
                        [
                            -25.231312631565917,
                            16.923000458095427
                        ],
                        [
                            -25.26919511856975,
                            16.923000458095427
                        ],
                        [
                            -25.280832484239497,
                            16.92072170242188
                        ],
                        [
                            -25.28966224045484,
                            16.917181744834917
                        ],
                        [
                            -25.298695441107853,
                            16.91738513542276
                        ],
                        [
                            -25.31078040043278,
                            16.92609277609003
                        ],
                        [
                            -25.31338456966028,
                            16.93846264868446
                        ],
                        [
                            -25.31387285375954,
                            17.004950331490225
                        ],
                        [
                            -25.32754472704884,
                            17.028225028367952
                        ],
                        [
                            -25.33104407633641,
                            17.030951272588375
                        ],
                        [
                            -25.348296676570037,
                            17.034125005984592
                        ],
                        [
                            -25.35484778867725,
                            17.03847897519634
                        ],
                        [
                            -25.36042232959099,
                            17.05524322074663
                        ],
                        [
                            -25.355580208220626,
                            17.069566178589717
                        ],
                        [
                            -25.330922001937402,
                            17.096828466332465
                        ],
                        [
                            -25.316802538215473,
                            17.10610586640005
                        ],
                        [
                            -25.30215409979455,
                            17.10805895578688
                        ],
                        [
                            -25.28913326503886,
                            17.107000994816843
                        ],
                        [
                            -25.279774540796275,
                            17.107326509714564
                        ],
                        [
                            -25.26960201872411,
                            17.11432530525896
                        ],
                        [
                            -25.24535071709418,
                            17.136704866301685
                        ]
                    ]
                ]
            },
            "type": "Feature",
            "properties": {
                "source": "https://simplemaps.com",
                "id": "CVPN",
                "name": "Porto Novo"
            },
            "id": 19
        },
        {
            "geometry": {
                "type": "Polygon",
                "coordinates": [
                    [
                        [
                            -25.072976131630462,
                            17.11356041286173
                        ],
                        [
                            -25.054122508506243,
                            17.127452552934106
                        ],
                        [
                            -25.03824577193235,
                            17.13836774104971
                        ],
                        [
                            -25.025868290357913,
                            17.144924154165157
                        ],
                        [
                            -25.020578580675572,
                            17.140366946098837
                        ],
                        [
                            -24.997059699226565,
                            17.134182013404104
                        ],
                        [
                            -24.991769987565398,
                            17.130926864682134
                        ],
                        [
                            -24.98867753738647,
                            17.125718476443776
                        ],
                        [
                            -24.97496497160534,
                            17.114487987596945
                        ],
                        [
                            -24.97126217182319,
                            17.107326509714564
                        ],
                        [
                            -24.973011848348055,
                            17.09662507584541
                        ],
                        [
                            -24.978993295139727,
                            17.08690018638469
                        ],
                        [
                            -24.98668247653959,
                            17.078864609451646
                        ],
                        [
                            -25.00053853142633,
                            17.087760765508296
                        ],
                        [
                            -25.02832281452329,
                            17.105622025380352
                        ],
                        [
                            -25.072976131630462,
                            17.11356041286173
                        ]
                    ]
                ]
            },
            "type": "Feature",
            "properties": {
                "source": "https://simplemaps.com",
                "id": "CVPA",
                "name": "Paul"
            },
            "id": 20
        },
        {
            "geometry": {
                "type": "Polygon",
                "coordinates": [
                    [
                        [
                            -23.629410653380035,
                            15.039340282461364
                        ],
                        [
                            -23.637028455253215,
                            15.049084949280433
                        ],
                        [
                            -23.644315559168227,
                            15.063051894169256
                        ],
                        [
                            -23.647959111132618,
                            15.081876910183523
                        ],
                        [
                            -23.64188652459041,
                            15.087342241993522
                        ],
                        [
                            -23.618337728090083,
                            15.105777832696221
                        ],
                        [
                            -23.60726480200471,
                            15.103563247330893
                        ],
                        [
                            -23.580689780827157,
                            15.098026788671225
                        ],
                        [
                            -23.578475195921335,
                            15.088061159543717
                        ],
                        [
                            -23.579976186712855,
                            15.081556859267799
                        ],
                        [
                            -23.58179707374716,
                            15.073666350934143
                        ],
                        [
                            -23.58511895085828,
                            15.055949670004775
                        ],
                        [
                            -23.60505021709245,
                            15.041554867420368
                        ],
                        [
                            -23.612038867566234,
                            15.040919534975787
                        ],
                        [
                            -23.629410653380035,
                            15.039340282461364
                        ]
                    ]
                ]
            },
            "type": "Feature",
            "properties": {
                "source": "https://simplemaps.com",
                "id": "CVSS",
                "name": "São Salvador do Mundo"
            },
            "id": 21
        },
        {
            "geometry": {
                "type": "Polygon",
                "coordinates": [
                    [
                        [
                            -23.596191876955032,
                            15.011657968185471
                        ],
                        [
                            -23.61169397306555,
                            15.024945478235205
                        ],
                        [
                            -23.612038867566234,
                            15.040919534975787
                        ],
                        [
                            -23.60505021709245,
                            15.041554867420368
                        ],
                        [
                            -23.58511895085828,
                            15.055949670004775
                        ],
                        [
                            -23.58179707374716,
                            15.073666350934143
                        ],
                        [
                            -23.579976186712855,
                            15.081556859267799
                        ],
                        [
                            -23.56415742040224,
                            15.07458980905877
                        ],
                        [
                            -23.5495832133925,
                            15.078840623115264
                        ],
                        [
                            -23.526432445167774,
                            15.059271547610054
                        ],
                        [
                            -23.543041833392767,
                            15.053735084952402
                        ],
                        [
                            -23.561865807578002,
                            15.038232989987288
                        ],
                        [
                            -23.57626061071179,
                            15.022730893385598
                        ],
                        [
                            -23.596191876955032,
                            15.011657968185471
                        ]
                    ]
                ]
            },
            "type": "Feature",
            "properties": {
                "source": "https://simplemaps.com",
                "id": "CVSO",
                "name": "São Lourenço dos Órgãos"
            },
            "id": 22
        }
    ]
}
